Market,Response,rice_avg_col,rice_max_col,rice_min_col,rice_P_Value,bread_avg_col,bread_max_col,bread_min_col,bread_P_Value,potato_avg_col,potato_max_col,potato_min_col,potato_P_Value,lettuce_avg_col,lettuce_max_col,lettuce_min_col,lettuce_P_Value,onion_avg_col,onion_max_col,onion_min_col,onion_P_Value,col_eggs_avg_col,col_eggs_max_col,col_eggs_min_col,eggs_P_Value,chicken_avg_col,chicken_max_col,chicken_min_col,chicken_P_Value,cheese_avg_col,cheese_max_col,cheese_min_col,cheese_P_Value,milk_avg_col,milk_max_col,milk_min_col,milk_P_Value,oranges_avg_col,oranges_max_col,oranges_min_col,oranges_P_Value,tomato_avg_col,tomato_max_col,tomato_min_col,tomato_P_Value,banana_avg_col,banana_max_col,banana_min_col,banana_P_Value,apples_avg_col,apples_max_col,apples_min_col,apples_P_Value,InexpensiveMeal,InexpensiveMeal_Max,InexpensiveMeal_Min,InexpensiveMeal_P_Value,ThreeCourseMeal,ThreeCourseMeal_Max,ThreeCourseMeal_Min,ThreeCourseMeal_P_Value,Boots,Boots_Max,Boots_Min,Boots_P_Value,Jeans,Jeans_Max,Jeans_Min,Jeans_P_Value,RunningShoes,RunningShoes_Max,RunningShoes_Min,RunningShoes_P_Value,SummerDress,SummerDress_Max,SummerDress_Min,SummerDress_P_Value,Rent3Br_CityCenter,Rent3Br_CityCenter_Max,Rent3Br_CityCenter_Min,Rent3Br_CityCenter_P_Value,Rent3Br_OutsideCenter,Rent3Br_OutsideCenter_Max,Rent3Br_OutsideCenter_Min,Rent3Br_OutsideCenter_P_Value,Rent1Br_CityCenter,Rent1Br_CityCenter_Max,Rent1Br_CityCenter_Min,Rent1Br_CityCenter_P_Value,Rent1Br_OutsideCenter,Rent1Br_OutsideCenter_Max,Rent1Br_OutsideCenter_Min,Rent1Br_OutsideCenter_P_Value,MonthlyPass,MonthlyPass_Max,MonthlyPass_Min,MonthlyPass_P_Value,Childcare,Childcare_Max,Childcare_Min,Childcare_P_Value,BasicUtilities,BasicUtilities_Max,BasicUtilities_Min,BasicUtilities_P_Value,Internet,Internet_Max,Internet_Min,Internet_P_Value,GasPrice,GasPrice_Max,GasPrice_Min,gascost_P_Value
"Atlanta, GA",288,1.64,2.5,1.0,1.4203904528373456e-12,2.57,3.63,1.5,2.921963036567427e-08,1.21,2.0,0.8,0.00014144204253598798,1.59,2.5,1.0,0.18470381303658967,1.31,2.0,0.89,2.2574561911509485e-14,2.07,3.0,1.5,2.0643167550079936e-102,3.59,7.0,2.0,6.32681033781475e-11,4.86,7.0,3.0,5.311967196836025e-08,3.09,4.0,2.38,0.004298398921599384,1.5,2.0,1.0,3.210401436958906e-141,1.47,2.0,0.9,3.278047291360252e-132,0.68,1.0,0.55,0.9117046872008359,2.26,4.0,1.5,1.7298637685946006e-07,15.0,20.0,11.0,3.2012243176299968e-15,50.0,65,35.0,1.8582178441896033e-22,99.73,150,65.0,0.9406507024629884,39.66,60.0,29.0,2.5710077608939174e-17,80.09,100.0,60.0,5.221889265104946e-17,32.0,60.0,20.0,4.939750008737396e-08,2532.0,3000.0,2100.0,0.7911381728618941,1618.61,2200.0,1200.0,1.4433677484239534e-24,1460.41,1742.2,1100.0,0.2812212316190853,1030.0,1400.0,750.0,3.780051293537005e-09,95.0,95.0,85.0,0.0,831.39,1200.0,400.0,1.1364372469771021e-17,141.01,249.53,90.0,0.10321434025574376,57.2,85.0,40.0,0.0020609371041610583,2.36,2.7,2.19,7.096758905392156e-63
"Austin, TX",280,1.43,2.0,0.78,6.4254832890964986e-90,2.41,3.0,1.5,0.5314851563251831,1.0,2.27,0.59,1.2981272208024876e-08,1.2,2.0,0.89,6.975383440294567e-105,1.09,2.0,0.7,9.626723240342562e-07,2.95,4.0,2.0,6.852221235316961e-42,4.26,8.0,1.99,0.03569925770217569,4.28,6.0,2.5,1.799964108485753e-66,3.19,4.0,2.49,0.15792521679802674,2.08,4.0,1.25,4.523710393057953e-07,1.63,3.0,0.99,3.4100617475581494e-15,0.5,0.6,0.48,0.0,2.06,3.63,1.2,0.8357910554659922,15.0,20.0,10.0,2.647069736701549e-12,52.5,70,40.0,5.4564093698661265e-05,86.94,125,65.0,1.5337033592411804e-45,42.93,60.0,30.0,0.18394416209479625,69.61,90.0,50.0,1.8262228827011726e-20,36.41,55.0,25.0,0.007595618528746856,2771.88,3600.0,1800.0,1.5043171133175893e-18,1839.81,2300.0,1500.0,3.6949591267828223e-09,1597.75,2100.0,900.0,1.3234025287352708e-12,1072.79,1300.0,850.0,0.04243179757241668,41.25,75.0,40.0,0.0,828.57,1400.0,500.0,1.2435150954833452e-14,143.84,250.0,76.5,0.6998292005509508,58.09,80.0,40.0,0.05376419630997844,2.2,2.49,2.0,0.0
"Baltimore, MD",125,1.37,2.99,0.5,1.8597341755650634e-14,2.52,3.25,1.5,0.0015274342523486646,0.92,1.5,0.5,2.2674221771543786e-23,1.72,2.0,1.25,2.111002483099053e-21,1.5,2.0,0.83,2.339938784766594e-33,2.35,3.29,2.0,1.4461834826772748e-11,3.19,7.0,2.0,3.182120856098958e-15,4.19,6.0,2.0,1.6569994543893684e-28,3.56,5.0,3.0,2.568933160169155e-19,1.9,2.99,1.5,0.4125847959887158,2.5,3.59,1.8,2.0023446486122633e-56,0.54,0.6,0.49,0.0,2.34,4.0,1.5,1.092639719390955e-06,15.0,15.0,12.0,9.993918269339583e-55,60.0,80,50.0,2.1714755335014654e-17,99.92,150,60.0,0.8880782123587424,39.23,50.0,30.0,7.606737033473011e-22,73.38,100.0,55.0,0.07838475754194364,29.65,40.0,20.0,1.5784721441428272e-35,2156.73,3000.0,1500.0,1.4198226644182292e-29,1671.43,2000.0,1200.0,4.439103584191281e-08,1367.82,1800.0,910.0,2.407133189659119e-07,1071.98,1298.6,1000.0,0.030415723278897893,68.0,75.0,65.0,6.726281880594746e-269,1036.67,1500.0,700.0,5.326839416819952e-09,137.62,251.85,100.0,0.03348758450658144,62.14,85.0,50.0,0.00021381057476441717,2.38,2.55,2.25,5.584190270682569e-56
"Birmingham, AL",76,1.8,3.0,0.79,0.9558659839641523,2.2,2.75,1.5,4.573131211608174e-08,1.71,3.0,0.75,1.4718525918924959e-18,1.83,3.5,1.0,0.00017233275872975852,1.9,2.59,0.99,9.997643580233845e-55,3.13,4.0,1.8,1.763416880461146e-20,3.7,4.0,3.5,6.185617515427097e-148,5.0,5.69,5.0,7.075654112413457e-20,3.48,3.65,3.14,2.4731773008202886e-107,2.35,3.0,1.0,8.650019118855904e-17,2.06,3.0,1.5,6.835449134575764e-06,0.68,0.85,0.6,0.9183324427435998,2.25,3.0,1.74,4.4160914758795423e-07,15.0,15.0,12.0,5.863361314375849e-34,47.5,60,40.0,1.6704084743162278e-32,63.75,75,60.0,0.0,38.57,56.0,25.0,2.4841971332781744e-08,57.5,65.0,50.0,0.0,27.6,35.0,25.0,2.628233039798026e-155,1650.0,1900.0,1250.0,0.0,1156.25,1275.0,1000.0,0.0,954.55,1250.0,800.0,0.0,690.0,875.0,550.0,0.0,44.0,45.0,44.0,0.0,675.0,850.0,500.0,6.80848149892794e-145,238.54,270.0,161.46,4.339251578234379e-199,47.5,60.0,31.0,2.860243611663995e-45,2.04,2.19,1.96,0.0
"Boise, ID",106,2.0,2.89,1.09,3.222849245125379e-06,2.0,2.35,1.48,2.165037819491368e-78,0.62,0.89,0.35,0.0,1.35,1.99,0.89,3.0717221897157653e-15,0.62,0.85,0.4,0.0,1.72,2.75,1.0,6.3697792602694875e-84,2.6,4.0,1.79,1.622410108099465e-165,4.87,5.99,4.0,1.2970964737231967e-10,2.24,3.0,1.79,2.2932164181149698e-214,1.24,2.0,0.79,7.46676763505795e-103,1.34,1.89,0.79,1.7397270777352633e-86,0.65,1.0,0.48,0.01492754855027164,1.44,1.99,0.9,2.8951347409393605e-124,13.0,15.0,10.0,3.695119582627488e-15,40.0,60,32.0,2.532812443344326e-98,93.0,150,50.0,0.006272401957475392,46.0,50.0,40.0,2.1876230848951992e-24,69.8,90.0,40.0,1.0460058102370998e-05,29.17,40.0,20.0,1.5019881891176543e-35,1500.0,2500.0,1050.0,4.0529847298503514e-190,1133.33,1500.0,900.0,0.0,878.21,1100.0,725.0,0.0,746.67,1000.0,600.0,4.415392370387544e-268,40.0,46.0,30.0,0.0,533.33,600.0,400.0,0.0,144.61,236.11,76.5,0.9527995819256845,52.87,85.0,40.0,5.4757597825206646e-09,2.62,2.77,2.45,6.84342617928885e-67
"Boston, MA",281,1.99,3.0,1.0,8.724400864146262e-11,2.47,3.49,2.0,0.0008648694769119545,1.43,2.0,0.69,6.064735741251676e-49,1.37,2.0,1.0,1.958152506244205e-37,1.32,2.0,0.99,3.482466446583303e-19,2.81,4.0,2.0,6.045638343477474e-19,5.07,8.99,2.0,9.79036182364288e-22,5.92,8.99,3.0,1.2630591302374763e-16,3.01,4.0,2.49,4.7561327963085106e-11,2.25,5.0,1.25,1.51637161713215e-11,2.29,3.5,1.49,2.5459302459726418e-45,0.63,1.0,0.39,2.448618044716986e-08,2.13,3.0,1.29,0.014295698294722934,15.0,20.0,12.0,1.9574358783495436e-18,65.0,80,50.0,3.3656207150112446e-126,105.41,200,75.0,0.0019558146352225718,48.22,65.0,35.0,9.355810295937404e-26,76.82,100.0,60.0,0.00514867350847041,34.29,50.0,20.0,0.03901219522583277,4113.37,5000.0,3500.0,0.0,2661.47,3300.0,2200.0,0.0,2486.42,3200.0,1950.0,0.0,1700.32,2200.0,1300.0,0.0,84.5,85.0,81.0,0.0,1695.83,3000.0,1200.0,5.801552576616926e-178,158.12,228.73,75.0,6.9313544544908295e-09,64.1,90.0,40.0,7.320546143735086e-11,2.48,2.75,2.25,0.4412859048759964
"Charleston, SC",82,2.6,3.0,2.19,9.951609672698844e-283,3.02,3.5,1.88,3.036864593554999e-44,2.33,4.0,0.99,2.6241117434167945e-46,2.33,3.0,1.99,1.4794747431444895e-167,2.69,5.0,1.29,7.237994064088636e-49,3.07,4.0,2.29,9.488223200174979e-29,2.99,5.0,1.89,2.2514608942729394e-36,6.5,10.0,3.0,8.652092063214462e-12,3.26,4.0,2.75,0.0031621367547614372,3.5,3.99,3.0,0.0,2.99,4.0,1.99,3.813752209654062e-91,0.56,0.69,0.33,5.892379594372869e-34,3.33,3.99,2.99,0.0,12.5,15.0,11.0,1.2306623818213328e-39,57.0,75,45.0,0.001155876036144433,85.83,100,60.0,7.228069935341522e-36,43.0,60.0,30.0,0.5257345777236448,79.44,150.0,60.0,0.08432648677970182,37.71,50.0,30.0,6.1437732609222126e-06,2533.93,3200.0,1800.0,0.9673674829316931,1547.5,1750.0,1300.0,2.6376776514870227e-71,1412.67,2000.0,1100.0,0.01971970496837107,1000.0,1200.0,900.0,1.7018639279823587e-25,40.0,57.0,40.0,0.0,1000.0,1500.0,550.0,0.00980195505121258,216.19,350.0,120.0,2.694274809147746e-29,56.87,100.0,40.0,0.15204564484691968,2.24,2.49,2.09,1.936420568257821e-192
"Charlotte, NC",145,1.81,3.0,1.0,0.7449537740994903,2.34,3.49,1.79,0.11273922106951434,1.29,3.0,0.89,0.000773974023529774,1.81,2.49,1.29,1.4205244723243245e-23,1.24,2.69,0.69,0.1865375835785168,2.27,3.0,1.77,5.259991580805438e-27,3.42,8.0,1.99,1.7832258818561675e-07,4.8,7.0,3.0,4.586323217775365e-06,3.11,3.75,2.69,0.028695964482639526,2.32,4.0,0.99,8.202531909005676e-13,2.15,4.0,1.25,6.842162045316732e-07,0.64,0.8,0.59,9.35078561232133e-21,2.4,5.0,1.89,2.615598432200126e-07,15.0,25.0,12.0,0.00010781910621996131,57.5,70,40.0,2.9922736706409646e-07,86.07,120,50.0,1.0082324963486022e-20,38.12,45.0,30.0,1.72526166828881e-67,63.31,80.0,45.0,1.0620505360159794e-59,30.75,50.0,20.0,7.703442836142462e-13,2042.86,3100.0,1500.0,9.266984016171423e-50,1351.67,1700.0,1050.0,2.618124899633098e-210,1341.77,1600.0,1150.0,2.928625846534556e-43,1060.04,1450.0,800.0,0.0504910251323398,88.0,88.0,80.0,0.0,841.33,1200.0,350.0,2.5670738826477967e-07,145.16,250.0,85.0,0.9254374633422022,50.88,75.0,35.0,7.501688100414736e-24,2.81,3.38,2.5,7.15467914544314e-176
"Chicago, IL",368,2.01,3.0,1.0,2.5785608414796256e-16,2.15,3.11,1.0,3.708912086595031e-19,0.94,1.75,0.5,1.495862966869495e-35,1.56,2.5,0.99,0.9720211440022359,1.01,1.5,0.69,7.873499236093817e-62,2.0,3.3,1.0,8.037238592395446e-74,4.78,6.0,2.0,4.3967795964350834e-42,5.99,12.0,3.0,5.1639845412977726e-12,3.06,4.0,2.0,0.00016625848833291525,1.82,3.7,0.99,0.13563897741349415,1.49,2.0,0.99,6.191340339399308e-180,0.82,1.25,0.5,4.5905196941162414e-46,1.97,3.0,1.0,0.00018276502906940402,13.25,17.0,10.0,1.1027810132528053e-14,60.0,80,45.0,9.87950424686334e-36,101.03,150,65.0,0.20849017830168426,49.17,65.0,35.0,3.0157207224024816e-47,77.55,100.0,60.0,4.186883322720695e-06,37.52,60.0,29.95,3.868194792526506e-09,3132.47,4200.0,2400.0,7.405623207875529e-143,1948.53,2700.0,1300.0,9.034610423028203e-23,1806.4,2116.28,1200.0,5.42567907153537e-174,1107.17,1400.0,800.0,0.00800105164503072,100.0,105.0,100.0,0.0,970.0,1600.0,500.0,0.008474346363787112,126.71,200.0,63.75,1.7863770051874458e-24,61.08,80.0,40.0,0.00042400702159064226,2.43,3.0,2.12,0.0038660184468802925
"Cincinnati, OH",130,1.15,2.2,0.5,2.194024500533436e-67,1.7,2.0,1.2,0.0,1.15,1.3,0.79,0.515339788332465,1.0,1.0,0.99,0.0,0.62,1.0,0.45,0.0,2.02,2.25,1.4,1.9018599757180797e-174,3.49,5.99,2.0,3.018201955417006e-11,3.34,5.99,2.35,1.1290930070890731e-117,2.7,3.3,1.99,2.846986049436797e-57,1.57,2.19,1.2,3.386365002013819e-44,1.55,1.99,1.25,9.90213965953831e-85,0.56,0.62,0.49,0.0,1.48,2.0,1.0,3.66781711316092e-158,13.5,17.0,10.0,0.003040004684581687,40.0,50,35.0,0.0,80.56,110,55.0,2.30801743428999e-56,44.8,65.0,25.0,0.1461942214429603,75.83,90.0,50.0,0.43889407808233916,32.91,45.0,25.0,1.4984082405891278e-07,1700.0,2500.0,850.0,5.314016169067224e-118,1150.0,1500.0,800.0,0.0,999.44,1300.0,750.0,0.0,721.07,880.0,600.0,0.0,120.0,121.0,70.0,0.0,925.0,1000.0,850.0,0.027260922070510486,144.48,210.0,80.0,0.8996620399752074,61.27,85.0,45.0,0.02080255976137331,2.29,2.5,2.12,2.0116195336648108e-117
"Cleveland, OH",125,1.36,2.29,0.97,1.7432381535489494e-49,1.57,2.2,1.0,4.516463977778975e-208,0.76,2.0,0.33,1.1945216684656954e-24,1.36,2.0,0.99,6.319147915299901e-19,1.03,1.79,0.99,4.197197793476696e-18,1.94,2.79,1.28,9.475653536924968e-72,2.97,4.99,1.99,1.4028150738593175e-60,4.55,7.0,3.5,7.79707259932625e-16,2.51,3.49,1.99,3.3808292272101206e-83,2.33,4.99,0.99,3.174934546749632e-07,1.85,3.0,0.99,0.7137935752918283,0.62,1.0,0.49,1.0051184703656912e-07,2.1,3.0,1.29,0.39571152057709014,15.0,15.0,10.0,8.944556809835265e-21,50.0,70,45.0,1.2834143678950284e-14,83.67,120,50.0,1.9665120215081625e-24,37.69,50.0,25.0,1.6464951208509039e-25,67.27,95.0,55.0,1.236579988603882e-18,31.29,60.0,22.0,3.88459482992506e-06,1526.67,2600.0,900.0,3.416295259867757e-155,996.15,1200.0,750.0,0.0,857.14,1200.0,650.0,0.0,664.58,800.0,500.0,0.0,94.0,99.0,80.0,0.0,707.33,1000.0,430.0,1.0584550998676442e-69,129.04,228.73,73.19,5.553928064041897e-06,47.31,70.0,29.99,1.3959131726943545e-40,2.1,2.39,1.98,4.748579970230612e-196
"Columbia, SC",63,2.0,2.0,1.09,1.245998372542212e-12,2.22,2.5,1.35,1.1837410904044908e-06,1.33,1.99,0.99,2.7512995534106605e-09,1.7,2.0,0.99,1.191389480535881e-05,1.56,2.0,0.99,4.765345041141055e-32,2.08,2.5,1.89,2.7268917227882023e-129,5.0,6.0,3.99,1.0394175027860168e-48,4.75,6.0,3.5,4.544156313579126e-08,2.95,3.99,2.25,0.00014592572742789798,2.0,2.99,1.0,0.042259093741012915,2.0,2.0,0.99,2.7044730732572512e-05,0.64,0.7,0.49,7.340593782496351e-10,1.74,2.5,0.7,7.604263645064847e-09,12.0,15.0,10.0,2.219122297047457e-35,47.5,50,28.0,8.722336771205586e-23,100.43,150,70.0,0.7529119931395765,36.12,50.0,30.0,6.582993167998121e-32,73.62,85.0,60.0,0.051842405240003504,47.5,75.0,35.0,1.806580273416239e-22,1543.75,2000.0,1200.0,0.0,1172.73,1500.0,950.0,6.656064959504436e-260,838.64,1100.0,700.0,0.0,678.57,800.0,550.0,0.0,40.0,40.0,40.0,0.0,600.0,700.0,500.0,0.0,142.46,200.0,90.0,0.4922326766646914,62.5,95.0,40.0,0.060063362125518674,2.38,2.56,2.12,4.8832513312202456e-36
"Columbus, OH",170,1.95,2.49,1.39,3.384301185433655e-13,1.98,2.9,1.3,6.990812140226862e-42,0.83,1.0,0.6,0.0,1.23,2.0,0.99,2.2421958584505673e-65,1.04,2.0,0.75,1.3937278528468178e-09,2.05,3.0,1.5,2.4923633382527526e-66,3.62,6.99,1.99,2.4953733123712647e-06,4.31,6.0,2.8,1.0743737185308292e-45,2.61,3.6,2.0,2.1204421776404457e-71,1.59,2.0,1.0,3.3679181821066524e-49,1.65,2.29,0.89,7.34764770648534e-16,0.59,0.89,0.5,6.996796391775472e-34,1.9,2.99,1.5,4.524109905369396e-09,12.0,20.0,10.0,2.078909703821568e-24,42.0,60,35.0,2.0837162476176382e-145,83.65,110,60.0,1.980083545417193e-62,46.43,52.0,30.0,5.763959270357351e-12,79.29,100.0,70.0,6.233154488646374e-13,32.12,50.0,25.0,1.0932598101708403e-10,2000.0,2500.0,1300.0,8.123553738471864e-120,1253.85,1600.0,1100.0,0.0,1107.5,1500.0,800.0,3.506259918872101e-161,763.9,1000.0,650.0,0.0,62.0,62.0,45.0,0.0,804.0,1000.0,400.0,7.256676573064744e-29,158.02,300.0,80.0,0.0017803699697163577,54.8,70.0,40.0,1.1333732408896844e-14,2.24,2.5,2.1,0.0
"Dallas, TX",258,1.99,3.0,1.0,5.087650844962464e-10,1.84,2.99,1.0,4.767002360503457e-72,0.71,1.0,0.4,0.0,1.42,2.5,0.97,3.4623572965338163e-09,1.09,2.0,0.75,1.0041387113555581e-06,1.75,2.5,1.0,5.049954218891388e-254,2.93,5.99,1.99,4.453785744819398e-75,4.71,8.0,3.5,1.831225975912794e-11,2.35,3.5,1.87,1.1405971982452161e-222,1.39,2.5,1.0,5.751040077006786e-95,1.2,2.49,0.98,6.580869476473513e-177,0.53,0.86,0.42,2.2804101335672983e-107,1.5,2.5,0.99,7.868723684461829e-129,12.0,15.0,10.0,3.007703985634705e-139,45.0,65,30.0,1.8292195159048882e-65,88.13,125,60.0,5.6398599563137154e-30,39.56,56.0,25.0,2.0547730172817002e-16,68.24,100.0,50.0,6.644111843474998e-19,41.79,75.0,22.0,1.5560641252135777e-15,2270.83,3200.0,1400.0,3.467624076750544e-21,1646.23,2400.0,1200.0,4.380647149622113e-11,1322.93,1600.0,1000.0,2.5170986743249566e-56,954.31,1200.0,750.0,2.251065586043189e-79,80.0,100.0,60.0,2.206222547893021e-11,802.47,1100.0,500.0,6.479576506877822e-44,134.64,250.0,74.18,0.00019365974659106807,55.34,75.0,40.0,7.831449237707974e-13,2.29,2.49,2.12,1.9707507782927677e-58
"Dayton, OH",58,1.88,2.89,1.69,0.03401360302557546,1.43,1.99,0.89,1.1864018701576305e-157,0.75,0.89,0.6,0.0,0.83,1.0,0.6,0.0,0.95,1.0,0.67,1.741490718992919e-104,2.0,2.39,1.5,1.3244564728613378e-77,2.75,5.0,1.99,8.640765237175706e-41,4.0,6.0,2.75,1.8351552125804238e-28,2.36,3.0,1.23,6.122190338181885e-43,3.99,4.99,2.99,3.548354067693829e-228,1.76,2.99,1.0,0.10308656277634286,0.58,1.0,0.53,6.614211043212735e-11,2.33,3.0,1.99,2.4404602288464276e-15,12.0,15.0,10.0,1.0456512657403876e-32,50.0,56,40.0,2.3380359129711745e-16,96.25,125,70.0,0.060676267712980764,39.71,55.0,25.0,0.00010687031027700283,72.86,85.0,60.0,0.005242175924736113,30.79,40.0,20.0,1.6096620843559288e-11,1119.29,1200.0,800.0,0.0,840.62,1000.0,700.0,0.0,707.11,900.0,600.0,0.0,505.0,600.0,400.0,0.0,55.0,55.0,52.0,0.0,843.33,950.0,700.0,2.3118574569695996e-27,145.51,250.0,61.0,0.9139271158584763,52.14,80.0,35.0,1.5230712979340506e-06,2.43,2.88,2.19,5.261838531901393e-07
"Denver, CO",241,1.7,2.49,1.0,5.7855194126337266e-05,2.48,3.5,1.5,0.009086535640178578,1.12,2.0,0.72,0.2702562993167308,1.48,2.0,0.99,7.013664426769809e-07,1.25,1.99,0.8,0.0007147595891495074,2.86,3.5,2.0,6.466557626673407e-39,3.9,6.0,2.0,0.007791807929660849,4.86,6.0,3.0,3.2275935641059213e-11,2.87,3.59,2.29,4.216286447765765e-43,2.02,4.0,0.99,0.0023752843480369405,2.22,3.0,1.29,1.0106050508906793e-37,0.72,0.99,0.59,1.0906009455873765e-09,2.02,3.0,1.36,0.07194101664315493,15.0,25.0,12.0,5.969529669747077e-07,60.0,73,45.0,1.5964721018524144e-36,100.65,120,75.0,0.16205955788693083,44.06,60.0,30.0,0.2686094617764099,76.81,90.0,59.99,0.0005978436821238805,30.88,50.0,20.0,2.9695088889518573e-19,2800.0,3500.0,2200.0,1.3755611983334213e-36,2090.38,2500.0,1800.0,2.028022484006204e-178,1617.44,2000.0,1300.0,8.737426525542105e-39,1296.02,1550.0,1050.0,2.307211483318963e-149,99.0,130.0,90.0,3.125764214225151e-283,1070.14,1250.0,500.0,3.488686168276511e-30,114.15,200.0,75.0,1.7587370598153826e-52,64.76,90.0,40.0,7.272285578357991e-12,2.48,2.75,2.25,0.5976647762495266
"Detroit, MI",132,1.65,3.0,1.0,0.0007622674969404793,1.79,2.49,1.5,4.225093254680097e-174,0.97,1.09,0.8,5.927417337419243e-165,1.31,1.99,1.0,2.6657427314714004e-31,0.96,1.25,0.69,3.1500372644922995e-76,1.83,2.2,1.5,0.0,3.32,7.99,2.0,8.168116877633822e-09,4.75,7.0,3.5,1.5694826007030886e-08,2.45,2.99,2.0,5.430248469316828e-237,1.71,3.0,0.99,0.00019923031129778643,1.4,1.95,0.98,3.090343369946534e-108,0.55,0.59,0.5,0.0,1.74,3.25,0.99,2.7356571299447716e-11,12.0,20.0,9.0,3.155891257095137e-16,45.0,65,25.0,1.0768450981417476e-26,81.56,120,50.0,1.7400466144346611e-32,41.17,55.0,25.0,0.0003080737643053748,73.16,120.0,50.0,0.19114425767144871,32.42,45.0,20.0,2.819150844718737e-07,1744.44,2800.0,900.0,1.3122746997094898e-81,1335.0,1800.0,1000.0,2.1353080954993333e-137,1201.25,1500.0,800.0,5.600077128389806e-70,805.36,1100.0,550.0,5.711035552506104e-122,47.0,66.0,30.0,1.348499320026654e-296,495.83,833.33,350.0,0.0,209.27,350.0,137.24,4.986530709882198e-44,55.94,70.0,40.0,4.2089641336822235e-07,2.3,2.4,2.12,1.1585024888794766e-107
"Greensboro, NC",69,1.74,2.0,1.5,0.00017396207395742737,2.16,3.0,1.5,1.7216907800391057e-07,2.0,3.0,1.0,5.018323859145279e-46,1.25,2.0,1.0,5.537808451639263e-25,1.8,2.0,1.5,0.0,2.65,3.75,2.0,0.04577893679336982,4.25,6.0,2.99,0.04867481505292028,4.7,10.0,2.5,0.03324636414198696,3.2,4.0,2.0,0.48682162488063463,2.0,2.99,0.79,0.05453196699323927,1.93,2.5,1.2,0.10450645435621395,0.79,1.5,0.44,0.0006148210131442085,2.8,4.99,2.0,3.9640786034406095e-16,12.0,15.0,10.0,1.3806493352210878e-38,42.5,62,30.0,1.4630983881024858e-34,109.44,150,75.0,1.4053426235666803e-05,41.4,50.0,30.0,0.0004136560167033242,72.5,89.0,60.0,0.002385671494174372,35.0,56.0,30.0,0.7849900237518769,1280.0,2000.0,900.0,0.0,953.57,1250.0,750.0,0.0,801.6,1000.0,600.0,0.0,622.22,733.0,500.0,0.0,50.0,80.0,34.78,2.397370396479037e-80,690.0,780.0,600.0,0.0,156.97,350.0,75.0,0.14274034575986436,50.45,70.0,39.99,2.1373486587916483e-22,2.11,2.4,1.89,1.131336190286236e-143
"Greenville, SC",75,2.33,3.0,1.0,2.450763091896609e-20,2.46,2.99,1.29,0.19202747882207827,0.89,0.99,0.79,0.0,1.96,2.0,1.0,1.622868198650686e-43,1.59,3.5,1.39,2.999537453877864e-11,2.48,3.29,1.86,0.11648558021401566,2.81,3.09,2.16,0.0,3.4,8.99,2.77,3.525134924815207e-23,2.45,4.5,2.0,9.96469890906613e-23,3.0,4.99,0.99,1.6277369753231167e-22,3.16,4.0,1.48,9.878931739380279e-71,0.75,1.18,0.59,4.766494799578109e-05,3.25,3.99,1.47,2.065031685526585e-59,15.0,18.0,12.0,1.5993755167591138e-09,45.0,60,40.0,1.7593194018387916e-58,94.89,129,75.0,0.0023263649966195564,39.11,50.0,30.0,2.0422120318342827e-14,66.88,85.0,45.0,7.893898741968215e-13,42.0,75.0,25.0,2.5783354796270365e-06,2045.0,2600.0,1600.0,9.443429292670987e-65,1218.18,1425.0,1000.0,0.0,1167.5,1500.0,830.0,2.3724992610649093e-55,764.17,900.0,600.0,4.4091808828538265e-303,27.0,27.0,15.0,0.0,570.0,1100.0,170.0,1.7044006268878307e-41,110.32,161.05,85.0,1.0406599483244857e-55,53.6,65.0,40.0,5.338521739380852e-15,2.51,2.73,2.35,0.04268701867604657
"Hartford, CT",63,2.0,3.0,1.0,0.001235396683969798,2.88,3.0,1.99,2.807536544416792e-52,1.45,2.0,0.89,1.5104239504303982e-18,1.66,1.99,1.0,0.001448356019779079,0.95,1.0,0.89,0.0,2.72,3.5,2.0,0.00020863200822489415,2.85,6.99,1.99,8.785927238371846e-15,4.0,5.0,3.75,1.495206385730996e-197,4.0,5.0,3.0,9.806847731974727e-41,1.5,2.0,0.99,1.0586175066362956e-31,2.16,2.49,1.99,1.5901755360572417e-77,0.56,0.69,0.49,7.103621550243238e-82,1.92,3.0,0.75,0.037371556713651416,15.99,25.0,12.0,6.687036492644809e-07,70.0,100,40.0,1.0142402299115321e-16,102.86,165,80.0,0.22861564293815406,40.71,60.0,30.0,0.0028854122256255317,71.67,85.0,60.0,9.83073521958342e-06,38.5,49.0,20.0,0.00032060550441858916,2060.83,2400.0,1800.0,3.181062119989861e-139,1880.0,2300.0,1500.0,1.1214408214713591e-05,1228.75,1500.0,1000.0,3.165751706167461e-53,867.27,1100.0,665.0,1.364999931112584e-57,63.0,63.0,50.0,1.1944053108570535e-215,750.0,1000.0,500.0,5.632105516871452e-31,233.49,457.47,130.0,8.334360731802285e-18,58.71,75.0,40.0,0.6289797293337895,2.16,2.39,2.0,0.0
"Houston, TX",307,1.87,3.0,1.0,0.009997781109555555,1.96,2.99,1.0,3.2975949598424984e-53,1.09,2.0,0.5,0.013757865931091668,1.14,1.99,0.99,4.569868141300109e-191,0.8,1.0,0.5,0.0,2.4,3.0,1.39,2.914355760713805e-10,3.99,6.99,2.39,0.2148547072095267,4.89,7.0,3.49,6.542286823291883e-09,2.53,3.99,1.99,2.2138796365235736e-107,1.73,3.5,0.8,0.0002120674246434903,1.34,2.0,0.8,1.2545665336350212e-207,0.47,0.68,0.4,0.0,1.75,2.5,0.89,1.8688635854507986e-43,13.5,17.0,10.0,5.254778495690628e-06,45.0,65,35.0,7.430287409800156e-105,99.06,140,65.0,0.5899001589775827,39.65,50.0,30.0,5.191689739350829e-42,70.07,90.0,49.0,3.765187794524788e-18,35.0,60.0,20.0,0.7083621337402812,2413.78,3000.0,1800.0,1.1631425298176654e-12,1586.24,2000.0,1200.0,6.77688208943232e-58,1356.43,1700.0,1050.0,7.927686530676628e-35,928.25,1100.0,700.0,4.49067930826841e-169,46.38,80.0,30.0,0.0,953.06,1200.0,600.0,0.015120095706011036,153.54,240.0,75.0,0.0002193010060555922,58.06,80.0,40.0,0.03825160196541187,2.41,2.6,2.15,5.182195700856806e-16
"Indianapolis, IN",145,1.23,2.0,0.9,7.846742918311226e-136,1.96,2.5,1.38,1.9547074750278933e-78,0.84,2.0,0.45,5.094656761501122e-21,1.11,2.0,0.99,1.8031761185851837e-102,0.96,2.0,0.68,2.1082478128137316e-16,2.32,3.5,1.75,6.121933266004338e-10,4.96,7.0,2.0,1.128125837303439e-17,5.16,9.0,2.0,0.8873516539290036,2.01,2.75,1.5,0.0,2.57,3.0,1.28,6.479502645171811e-85,1.76,2.5,0.99,0.0006821271317584023,0.6,1.0,0.52,5.428833730969722e-16,1.87,3.0,1.5,2.2574414377001957e-10,15.0,20.0,10.49,1.2009809844868887e-07,50.0,60,45.0,1.5603360650544645e-43,97.94,125,75.0,0.102143688095935,42.73,60.0,30.0,0.20150402251073773,79.67,100.0,70.0,4.007804791207088e-13,31.0,50.0,19.0,5.881431363620726e-11,1978.57,3000.0,975.0,4.675480593164328e-40,1240.25,1600.0,975.0,0.0,1229.17,1400.0,900.0,1.1793931667381999e-119,828.91,1300.0,550.0,1.9345664728918706e-61,60.0,60.0,35.0,2.133806176780304e-204,645.0,900.0,400.0,1.4895355402580357e-168,156.94,250.0,80.0,0.0006069693550031419,58.78,70.0,45.0,0.3727451614822157,2.04,2.21,1.9,0.0
"Jackson, MS",122,2.55,4.0,1.36,1.8541880621889276e-36,3.03,3.59,2.5,1.1951258891832826e-145,3.66,4.0,2.99,0.0,2.41,4.0,1.35,1.6222602233699347e-45,2.66,3.0,1.99,0.0,3.0,4.0,2.5,5.453548660274972e-41,6.0,7.99,3.0,2.2491111397180372e-65,4.3,5.0,3.0,2.7595041143363756e-84,3.46,4.0,3.0,1.4205111530640602e-40,4.0,5.99,3.75,0.0,2.48,5.0,1.82,1.542653799699119e-17,0.63,1.59,0.49,0.04157269070194776,3.8,5.99,2.0,5.057898747730107e-82,15.0,20.0,11.0,5.262368266883546e-09,50.0,60,45.0,2.8066894460997434e-47,101.46,150,75.0,0.22160475405527413,41.17,50.0,30.0,3.185544163768171e-09,73.5,100.0,50.0,0.09684947683712733,32.21,56.0,22.0,8.931067263236876e-06,1602.5,2400.0,1100.0,3.836960461555798e-285,1328.33,2100.0,1000.0,2.3309664666937043e-90,1037.48,1300.0,800.0,0.0,862.3,1166.0,650.0,9.760167900284121e-106,50.0,60.0,50.0,0.0,851.14,1500.0,460.0,8.787538821913611e-05,157.68,200.0,100.0,1.0740009353685073e-10,64.1,80.0,40.0,1.0240885812069622e-09,2.39,2.8,2.19,2.9851079782947786e-15
"Jacksonville, FL",158,1.74,2.5,1.29,0.018902773730785652,2.44,3.0,1.29,0.19552180021748466,1.58,2.79,0.99,2.6057208552156192e-34,1.31,1.69,1.0,1.5044386308496607e-74,0.91,2.0,0.56,7.449392764629666e-22,2.4,3.86,1.8,0.0004091044648262543,4.1,5.0,2.5,0.5652624452864352,4.07,7.0,3.0,2.7397188991716454e-44,3.51,3.95,3.0,2.1238475110521192e-77,1.63,2.5,1.0,4.1119025238031317e-16,1.92,2.29,1.29,0.007129620966225835,0.65,0.99,0.5,0.0016118812951361546,2.96,4.0,2.0,1.7349820624060832e-111,10.0,20.0,8.0,1.4266389433063482e-77,50.0,60,36.0,3.132748105627455e-24,83.6,110,55.0,4.0437154793206395e-61,38.16,60.0,29.99,4.789284100217439e-24,72.81,90.0,60.0,1.0127859671087432e-05,32.38,45.0,20.0,1.441461513909916e-10,1615.38,2000.0,1200.0,0.0,1119.64,1500.0,850.0,0.0,925.83,1200.0,650.0,0.0,682.44,800.0,600.0,0.0,50.0,50.0,49.0,0.0,780.0,1000.0,600.0,7.643408803415952e-103,213.04,351.9,114.37,2.536896807620638e-59,59.79,92.0,45.0,0.5100256430802923,2.24,2.39,2.09,0.0
"Kansas City, MO",200,1.39,2.0,1.0,5.267175053877798e-117,2.14,3.0,1.0,4.482952089809775e-13,0.93,1.5,0.5,2.3673136617167655e-33,1.5,2.0,1.0,0.0005965989713082524,1.26,2.0,0.9,0.0001185625659782959,2.05,4.0,1.25,2.4815542453215163e-24,3.17,6.0,2.0,3.205536360953053e-37,4.28,6.0,2.0,3.719807984131876e-37,3.21,4.0,2.5,0.05050848955873979,1.98,3.0,1.0,0.002406421237086781,1.74,2.99,0.99,0.00034687521397864385,0.63,0.89,0.5,1.852917886026487e-13,1.71,2.99,0.99,4.870522682625507e-24,15.0,20.0,10.0,1.2736858626858545e-14,50.0,75,35.0,1.9470351890900054e-15,76.59,129,50.0,1.0783438468853617e-102,38.45,50.0,29.0,4.412754312351527e-71,68.42,100.0,50.0,3.106388042293964e-23,34.1,50.0,22.0,0.003356024336141332,1380.62,1600.0,1050.0,0.0,1139.23,1400.0,979.0,0.0,893.58,1200.0,650.0,0.0,814.21,990.0,648.0,0.0,65.0,65.0,60.0,0.0,870.0,1200.0,600.0,1.9542123688253284e-14,112.17,198.67,70.0,2.994208387538446e-78,58.61,79.99,40.0,0.24328397996063134,2.61,2.79,2.43,5.781789358327031e-143
"Las Vegas, NV",340,1.31,2.0,0.65,1.180976718703269e-155,2.5,3.0,1.85,2.529834161691982e-11,0.99,1.5,0.59,3.415517799239339e-35,1.48,2.0,1.0,2.6583449489421225e-09,0.99,1.5,0.5,5.662172682856339e-47,2.38,3.0,1.6,3.886338558971834e-18,2.79,4.0,1.99,0.0,4.35,5.0,3.0,4.802026920032183e-206,2.99,3.5,2.5,2.559989159610796e-35,1.48,2.69,0.9,6.853053448841538e-59,1.68,2.5,0.99,8.324060803632746e-20,0.79,1.0,0.5,1.907969933828131e-58,1.52,2.5,0.99,1.4492174326016154e-157,15.0,20.0,10.0,1.8379086592436737e-05,60.0,80,40.0,5.478480983623123e-09,95.6,150,65.0,0.05158626857829721,48.17,65.0,30.0,5.3570538248967165e-08,77.51,108.0,60.0,0.043978875849513634,41.18,75.0,20.0,8.730412099370075e-06,3495.74,4600.0,2800.0,5.551209693256172e-106,2767.24,3436.5,2200.0,5.92434386511822e-240,2054.0,2595.0,1500.0,1.0211544599357403e-105,1577.41,2000.0,1100.0,9.635231501575371e-111,100.0,100.0,65.0,3.417940552403795e-176,966.67,1599.0,500.0,0.19938949101206827,133.12,228.73,85.0,0.0008316229560662656,57.28,80.0,40.0,0.04431436143897196,3.15,3.5,2.9,0.0
"Los Angeles, CA",105,2.21,3.0,1.4,3.2122136190604115e-26,2.74,3.99,2.0,1.3823713447083203e-12,1.35,2.5,0.75,1.205655042406673e-06,1.37,2.0,1.0,5.454042554082659e-15,1.1,2.0,0.6,0.012666038864438772,3.18,4.0,2.35,4.3323363099617435e-56,4.68,8.0,2.79,1.6855026037120468e-06,4.94,8.0,3.0,0.04858392001750807,3.98,5.0,2.7,1.4261528770322054e-48,1.54,2.99,0.99,9.209402751253102e-12,1.86,3.0,0.99,0.8948046128903915,1.15,2.0,0.69,8.339710946997567e-49,1.86,3.0,1.0,2.109222827840896e-05,12.0,15.0,10.0,8.510148665774817e-50,50.0,65,35.0,5.0369592630055356e-08,94.17,140,60.0,0.009511003052134535,39.87,55.0,25.0,3.7652832875885518e-06,71.8,85.0,50.0,0.00027982232536342863,29.93,50.0,20.0,2.3387725206308452e-11,1402.86,2400.0,1012.0,1.53761220009788e-210,1053.57,1500.0,850.0,0.0,840.0,1000.0,600.0,0.0,678.94,800.0,550.0,0.0,50.0,50.0,50.0,0.0,700.0,800.0,500.0,1.019213743640226e-189,150.44,250.0,91.49,0.1799908116670783,51.61,80.0,40.0,4.455336584501898e-13,2.42,2.57,2.15,2.8530230920724047e-09
"Louisville, KY",90,1.71,2.99,0.78,0.1375060869250711,1.78,2.5,1.0,9.481501175973302e-55,0.98,1.5,0.5,6.616758056254025e-10,1.23,1.88,0.99,3.809166218008529e-45,0.9,1.49,0.66,7.526408706557468e-39,1.94,2.0,1.5,0.0,2.97,4.0,1.99,4.928288078632512e-96,5.16,7.0,4.0,0.7945513890268592,2.44,3.19,1.99,3.593644957246233e-114,2.17,4.0,1.33,2.3856598876484194e-05,1.49,2.35,1.0,3.586773950340138e-26,0.59,0.79,0.5,1.636004239972558e-32,1.48,1.99,1.0,2.63055775921853e-112,13.5,15.0,10.0,2.4799274893594976e-07,50.0,55,45.0,7.445309566364151e-132,90.5,120,60.0,5.8347361552422136e-18,40.18,50.0,30.0,2.3950187055929817e-21,73.12,85.0,59.0,9.417597599654462e-06,28.75,40.0,20.0,5.026094785921083e-75,1401.53,2200.0,1030.83,0.0,935.06,1400.0,731.67,0.0,905.19,1010.0,700.0,0.0,749.93,997.0,500.0,0.0,50.0,50.0,45.0,0.0,325.0,425.0,250.0,0.0,138.62,204.0,85.0,0.0030379067092635007,49.71,65.0,30.0,8.08494310080207e-54,2.12,2.35,1.99,0.0
"Memphis, TN",201,1.9,3.5,0.77,0.0315441925338174,1.89,2.25,1.29,2.7012555925423813e-196,1.56,3.0,0.89,3.443510087951715e-29,1.2,1.5,1.0,0.0,1.24,2.0,0.69,0.017581154153733375,2.5,3.5,1.35,0.23735662119526546,3.64,5.75,2.0,6.845307236538793e-11,4.42,5.0,3.0,3.718385187575416e-103,3.26,4.0,2.3,0.0006792973396888375,1.96,4.0,1.0,0.09889571227552325,1.69,2.99,0.99,5.609648714182328e-07,0.66,1.0,0.59,0.004130666074503642,1.91,3.99,1.0,0.0028108393625042834,20.0,28.0,12.0,2.5322316782863577e-105,72.0,85,50.0,6.261245488478334e-187,88.31,140,64.0,8.130157270184954e-18,39.83,50.0,29.99,1.6659253108142287e-26,73.05,100.0,51.0,0.013373084752420869,41.61,70.0,20.0,1.5811414518026156e-13,3470.0,4300.0,2800.0,7.330395469788969e-283,2290.0,3880.0,1650.0,2.36157125051615e-41,1858.09,2480.0,1500.0,3.6669336347367946e-115,1350.6,1600.0,1200.0,0.0,112.5,120.0,100.0,0.0,1031.11,1200.0,850.0,1.1109239451127112e-59,119.63,200.0,56.67,3.433846822732723e-24,55.14,90.0,30.0,7.993150271563384e-05,2.5,2.95,2.3,0.20571752250891673
"Miami, FL",208,2.02,3.5,1.19,2.380906013831287e-08,2.71,4.0,2.0,1.33091651682781e-19,1.25,2.0,0.99,8.939446901905495e-10,1.97,3.0,1.0,3.621505185821779e-32,1.32,1.99,0.89,1.5275039186896648e-12,2.95,4.6,1.99,3.3612308697118264e-19,4.09,8.99,2.0,0.8780477437772588,4.83,6.99,2.99,4.2761422407758306e-07,3.64,4.28,2.9,3.081935620239319e-90,2.8,4.0,1.5,1.3973839589336703e-101,1.93,3.0,1.0,0.06694049618356568,0.71,1.0,0.57,8.63051814690719e-05,2.77,4.0,1.6,5.7634363832212396e-64,15.0,15.0,10.0,2.9220837146675334e-08,50.0,75,31.8,0.008137749198282742,100.43,150,75.0,0.7790000654629325,41.78,59.5,29.99,0.11654329827435636,81.85,119.0,60.0,0.00259042757314736,33.68,50.0,25.0,0.1036269892637245,2400.0,3990.0,1500.0,0.14874360514871715,1713.24,2250.0,1400.0,0.08000253233546836,1418.58,1800.0,1000.0,0.08444539141683599,986.79,1300.0,700.0,1.051119429205726e-05,76.0,85.0,45.0,0.9122899460940155,1252.29,1800.0,1000.0,2.561074091305422e-26,134.23,207.94,65.0,0.04891252237703623,50.81,75.0,35.0,2.2243599216067026e-08,2.41,2.55,2.25,2.100347081033271e-11
"Minneapolis, MN",44,2.44,3.0,1.5,5.094546096927336e-30,2.89,3.89,1.89,5.6031690760479203e-11,0.97,1.99,0.5,0.002099492235667387,1.69,2.29,1.2,0.0016456883752644323,1.2,1.99,0.89,0.7202506520989835,2.01,3.0,1.4,7.405743108143432e-19,4.65,7.5,2.75,0.0012294582266171878,5.0,8.0,4.0,0.23096472381408417,2.75,4.0,2.2,1.7849159922566542e-09,2.54,4.0,1.85,1.7942774755574966e-16,2.24,3.99,1.13,0.0005298236311353344,0.66,0.99,0.5,0.2615291837447241,2.08,3.0,1.5,0.825356849543193,15.0,30.0,13.0,0.0014836117760413923,75.0,80,60.0,0.0,191.67,350,70.0,9.664734004737108e-65,49.0,72.0,20.0,5.2694863979726564e-08,93.33,185.0,70.0,3.0523774750050893e-16,52.5,70.0,30.0,1.5411706109268986e-110,2433.33,3300.0,1850.0,0.0002698115903355755,1983.33,2700.0,1750.0,2.447385844713067e-31,1700.0,2000.0,1500.0,2.492229012716031e-124,1250.0,1500.0,1100.0,3.5955948584944203e-99,32.5,35.0,30.0,0.0,850.0,900.0,800.0,0.0,111.1,125.0,65.0,9.307382110160484e-186,55.43,79.0,30.0,5.769334202887975e-05,2.25,2.5,2.05,0.0
"Nashville, TN",511,1.63,2.5,1.0,1.055451873519514e-23,2.25,2.5,1.5,8.843134195318463e-40,1.01,2.0,0.55,1.2665856055310448e-16,1.37,2.0,0.99,2.4096944332624147e-65,1.14,1.5,0.99,1.1901553691537533e-15,2.01,3.0,1.29,6.2642701235389696e-176,4.16,6.0,2.2,0.035025529604364336,4.93,7.0,3.0,1.4737427326482042e-08,2.89,4.0,2.49,5.1178381535311975e-58,2.19,3.99,1.0,8.35114494290306e-22,1.59,2.99,1.04,1.258228971565506e-37,0.63,1.0,0.55,2.097975263691771e-24,2.0,3.0,1.1,0.001311102497905847,12.0,18.0,10.0,3.506184770646926e-108,55.0,75,40.0,0.07406740834395838,108.93,150,80.0,3.3707116648735315e-33,42.89,63.58,30.0,0.08702033263090174,78.62,100.0,64.99,3.270089117483753e-19,31.25,49.95,20.0,5.351508152277556e-33,2705.56,4055.0,1900.0,9.675588668282306e-13,1641.18,2100.0,1300.0,1.5371738819304689e-47,1506.48,1900.0,1200.0,3.583896354128173e-06,1013.75,1200.0,700.0,1.8378420061830083e-39,80.0,84.0,50.0,1.5789933752499153e-28,652.92,880.0,500.0,0.0,144.66,200.0,100.0,0.8711310763552526,55.0,75.0,40.0,5.904026271254667e-28,2.78,3.5,2.43,3.321494509952329e-29
"New York, NY",104,3.17,5.0,1.5,1.1219557058187267e-57,2.93,4.0,2.0,1.2587554376370722e-27,1.3,2.27,0.99,5.382020045620804e-07,2.25,3.0,1.5,2.1019925880920153e-78,1.27,2.0,0.8,0.003923541355540611,2.87,4.0,2.0,3.2927458134604984e-11,4.77,8.0,3.0,1.2021674660421562e-08,5.69,8.0,3.0,3.238502955556061e-05,4.17,5.8,3.0,3.496684954771234e-49,2.21,3.59,1.0,1.0818467300019249e-07,2.33,4.0,1.29,3.0144253489520073e-12,1.0,2.0,0.5,3.877223393382569e-18,2.54,4.0,1.4,1.2366717360729874e-13,18.5,25.0,12.0,3.777656184450703e-46,77.5,100,55.0,4.055765688220248e-98,121.75,200,75.0,5.339385645368275e-13,53.54,80.0,35.0,1.105575005613018e-19,88.59,120.0,60.0,6.439106174172775e-20,42.7,60.0,20.0,2.2621202856460792e-14,6231.11,8000.0,4500.0,0.0,3250.26,4900.0,2200.0,7.006496316353206e-111,3119.68,4000.0,2400.0,0.0,1869.43,2600.0,1500.0,2.2795277875360558e-185,121.0,126.0,117.0,0.0,1642.79,2916.67,950.0,3.696806005259222e-49,122.1,200.0,75.0,1.1648930766446016e-13,58.55,95.0,39.99,0.6075184101103326,2.99,3.29,2.79,1.3904757245963402e-143
"Orlando, FL",203,2.16,3.5,1.0,1.1644138588637506e-16,2.39,3.0,1.0,0.8647638791317663,1.28,2.05,0.73,3.0878254805728286e-09,1.78,2.0,1.35,2.1239389945024175e-82,1.39,3.0,0.89,3.1492404507889046e-08,2.27,3.0,1.8,6.280614577243774e-39,4.41,7.0,2.5,1.801448991479097e-05,5.14,8.0,3.25,0.6262817787946521,3.57,4.25,1.0,5.11463074186039e-13,1.89,3.0,1.0,0.6220563152909385,2.3,4.0,0.99,2.2458447874988367e-16,0.71,1.0,0.55,0.00021029462773504402,2.58,4.75,1.5,2.5491749807091405e-19,15.0,15.0,12.0,1.2158036648639421e-18,60.0,80,45.0,3.892373836294594e-05,125.33,180,100.0,4.476885352740563e-16,52.97,75.0,40.0,8.700257431517894e-12,78.69,100.0,65.0,0.010529504982563416,34.0,50.0,23.0,0.255537929131616,4471.43,5400.0,3000.0,1.4677320832368679e-92,3019.44,3600.0,2450.0,1.725753059838908e-166,2283.27,3000.0,1800.0,8.49341199873986e-66,1782.14,2200.0,1200.0,2.456789907214502e-69,75.0,85.0,75.0,0.034882113966370955,1650.0,2000.0,1000.0,1.1198286085207386e-73,118.51,182.99,60.0,6.102104117278043e-08,62.62,79.0,40.0,0.02846615331313482,2.39,2.65,2.15,1.0000880725385673e-27
"Philadelphia, PA",174,2.11,3.0,1.5,2.804706870450882e-28,2.58,3.5,1.96,2.881578034373671e-10,0.74,2.49,0.25,2.3944892629974686e-21,1.7,2.0,1.19,1.1401288434299564e-19,1.17,2.0,0.5,0.594021746076128,2.65,4.0,1.75,0.013623493316006607,4.03,6.29,1.99,0.6113861823982476,5.81,7.0,3.99,2.641068320186234e-28,4.08,5.0,3.5,1.14323827520108e-230,1.12,2.49,0.78,2.528671447636906e-119,2.11,3.0,0.99,1.632767434651831e-10,0.73,1.0,0.35,6.35921020068047e-05,2.31,4.0,1.67,3.998462754227915e-08,15.0,20.0,10.0,2.5804954501698613e-09,43.5,60,35.0,4.731006880728458e-134,103.11,150,60.0,0.027851513386036808,43.29,55.0,25.0,0.6545431176017831,70.25,100.0,50.0,2.318288020130929e-08,37.0,59.0,21.0,0.007376316997238021,1761.91,2400.0,1500.0,0.0,1484.88,1750.0,1200.0,6.169474001577789e-191,1250.52,1450.0,1000.0,5.658893795341907e-171,936.46,1060.6,750.0,1.0639204386954033e-166,50.0,50.0,40.0,0.0,650.0,900.0,400.0,4.235153194557013e-227,171.81,240.0,100.0,4.811962053707959e-28,56.54,95.0,35.0,0.010254991600430375,2.61,2.89,2.43,4.304472200712455e-46
"Phoenix, AZ",260,1.6,2.0,0.85,3.0489523483071315e-28,2.07,3.5,1.0,4.101881884580488e-17,1.01,1.99,0.65,1.6757535826207494e-10,1.14,2.0,0.89,5.719037065484412e-132,0.86,1.0,0.5,0.0,2.31,3.99,1.57,3.903044647405659e-10,3.38,6.0,1.99,9.936621988968374e-29,4.4,6.0,2.99,8.423424924386777e-63,2.2,3.0,1.89,0.0,1.13,1.99,0.89,0.0,1.21,1.89,0.99,0.0,0.63,0.99,0.5,2.4190397841524382e-11,1.08,1.99,0.99,0.0,15.0,20.0,10.0,3.498911773320519e-08,60.0,75,40.0,9.490424220118202e-18,108.12,150,75.0,2.400661598022426e-09,40.79,50.0,30.0,5.320409378217198e-13,75.93,85.0,60.0,0.10019729637879961,31.86,40.0,25.0,4.0864736490517907e-32,2625.0,3500.0,1730.0,0.007638227657568088,1728.33,2000.0,1400.0,0.00031219289384901594,1480.31,1859.8,1200.0,0.4376635723278709,958.7,1210.0,800.0,1.0191631309155408e-60,96.0,98.0,80.0,0.0,1054.76,1600.0,522.0,2.0247998341488085e-09,160.7,297.5,100.0,2.2624612960067003e-05,67.43,97.0,50.0,3.878294740994624e-20,2.26,2.49,2.12,0.0
"Pittsburgh, PA",156,1.64,2.59,0.85,7.0122634137983835e-06,1.96,3.0,1.0,1.2765883257905872e-27,1.18,1.99,0.99,0.06256864178538454,1.46,2.79,0.99,0.005194606338845612,1.22,1.99,0.79,0.14683624955167104,2.5,4.0,1.5,0.37065772980143763,4.91,7.0,3.0,1.1371343404247969e-25,5.0,6.99,4.0,0.002549281737583047,3.52,4.0,2.9,1.0767224926859342e-60,1.79,3.0,1.29,0.015682139435678248,2.26,3.0,1.4,1.056936040654058e-34,0.57,0.99,0.46,1.6567150399177283e-25,1.94,3.0,1.25,0.0002719352240926751,13.5,20.0,10.0,0.003347565909015757,50.0,65,35.0,1.9835783850259093e-20,91.22,140,65.0,4.546526931824721e-13,41.1,60.0,25.0,7.829570495701262e-06,74.94,90.0,59.95,0.6504753869744737,40.94,60.0,29.9,1.3006895033146334e-34,1646.83,2300.0,1200.0,0.0,1264.38,1650.0,1000.0,0.0,1068.57,1300.0,800.0,0.0,805.58,950.0,600.0,0.0,64.0,64.0,50.0,0.0,465.0,800.0,300.0,0.0,162.16,236.11,110.0,8.110255483469624e-19,63.41,85.0,40.0,2.328727604522392e-09,2.67,2.89,2.5,3.5130645240908264e-123
"Portland, OR",282,1.85,3.0,1.0,0.07232247758218856,2.66,4.0,1.99,1.111451651526975e-18,0.92,1.75,0.5,5.188498125566074e-33,1.74,2.5,1.0,9.774069240272828e-16,0.85,1.0,0.59,0.0,2.74,4.0,1.29,1.3090428007260863e-06,4.82,7.99,2.5,5.2282362992044963e-20,5.97,8.0,3.4,9.600748612904968e-31,2.92,3.75,2.39,6.120397273681909e-32,1.6,3.0,1.0,5.244557293570633e-20,2.07,3.0,1.0,8.187925863003485e-12,0.75,1.0,0.5,1.3368444591719972e-20,2.2,3.0,1.27,2.694528772881115e-07,14.0,18.0,10.0,0.7781086903994417,50.0,60,40.0,5.152882496430811e-27,98.75,150,70.0,0.5797226510815123,42.67,50.0,33.0,0.011927420776327417,73.93,90.0,50.0,0.12722001502749158,34.59,50.0,25.0,0.2127743475360857,2303.85,3200.0,1500.0,9.888765678695732e-12,1395.0,1850.0,1000.0,2.7908308129603905e-107,1198.5,1500.0,900.0,1.1841592126867373e-113,825.2,1197.5,600.0,9.058593485042955e-106,97.5,99.0,95.0,0.0,965.0,1200.0,800.0,4.331100156177445e-05,181.42,300.0,102.0,2.7030230324262446e-20,79.63,169.0,50.0,1.1359129086019614e-17,2.78,3.0,2.5,0.0
"Providence, RI",57,2.0,4.0,1.0,0.040501651140402405,2.12,3.0,1.0,3.084199365519473e-05,1.88,2.0,1.5,0.0,1.8,2.5,1.0,1.4500552460925241e-06,1.06,1.5,0.5,0.00015712035271522068,2.9,3.5,2.0,8.599473655301515e-13,3.46,4.25,2.0,2.281700005902365e-16,4.0,5.0,3.0,4.403613191901121e-71,3.22,3.95,2.69,0.1381912079006218,1.42,2.0,0.5,7.926355597605664e-20,2.39,3.0,1.99,3.1545499024695158e-55,0.79,1.0,0.69,1.8540578003779865e-26,2.0,2.0,1.99,0.0,12.0,17.0,10.0,1.6390310215787249e-78,50.0,65,40.0,5.4150027653609e-31,106.85,150,80.0,4.460897563954453e-12,49.73,70.0,40.0,7.075345482279775e-44,81.42,110.0,60.0,3.7069590375200234e-17,32.8,45.0,25.0,5.237265250079695e-16,2930.72,3800.0,2000.0,3.1604319834339265e-49,1854.0,2400.0,1400.0,1.2866939900094726e-08,1540.42,2000.0,1200.0,4.572901088953e-09,1150.08,1400.0,950.0,2.0874381412613415e-21,100.0,100.0,100.0,0.0,994.55,1500.0,500.0,2.8639435837145228e-05,154.5,250.0,85.0,8.395408922634668e-05,62.9,85.0,45.0,8.161419739480271e-10,2.43,2.6,2.28,1.436384163693448e-07
"Raleigh, NC",170,1.87,3.0,1.0,0.05525858321409565,2.52,3.0,1.5,1.616587246040996e-05,1.07,1.69,0.6,0.0005019522898633451,1.6,2.0,1.0,0.04034993311490868,0.98,1.5,0.5,1.0236210257535267e-26,2.7,3.99,1.99,5.183965749158484e-05,4.47,7.0,2.0,3.215974045589011e-05,6.17,9.0,4.0,5.704723699351633e-25,3.5,4.25,2.8,9.528918415647461e-35,1.44,2.0,0.99,1.3965447860478968e-110,1.89,2.49,1.49,0.22003704059780937,0.66,0.79,0.59,6.407086228204729e-08,1.88,2.95,1.0,5.29099497679136e-07,13.0,20.0,10.0,0.003930711803077544,50.0,75,40.0,0.00020110196942928416,120.83,150,80.0,6.065192068636536e-20,37.91,60.0,25.0,1.2641811585414583e-06,80.56,100.0,50.0,0.0010873117337676433,31.67,50.0,25.0,1.8652707460983974e-05,1666.67,2200.0,1500.0,1.7124642971377864e-307,1290.0,1600.0,1000.0,1.3523382980704422e-128,1186.36,1637.5,700.0,5.3726977469824447e-20,993.75,1637.5,700.0,0.002830556439070255,70.0,70.0,60.0,1.7885778517826207e-69,644.44,833.33,500.0,6.772766577381222e-150,133.38,240.83,84.46,0.026888965759862275,73.55,100.0,40.0,5.967857537638708e-13,2.3,2.49,2.14,1.3038175962545446e-168
"Richmond, VA",96,2.25,3.0,1.0,6.284145272077844e-19,2.55,3.0,1.73,2.003101118321907e-06,1.25,2.5,0.7,0.01950591917521408,1.31,2.0,0.99,2.2965688784650017e-22,1.08,1.99,0.75,0.0008889594485192375,2.29,3.0,1.69,2.4803819211576962e-14,3.26,5.0,2.0,2.973954860796552e-26,5.08,10.0,2.5,0.5991492702350081,2.81,3.0,2.24,4.535725846447073e-72,1.85,3.0,1.0,0.6564266435602768,1.91,2.99,0.99,0.39380884224607704,0.6,1.0,0.49,5.496584839641782e-10,2.05,3.0,1.29,0.6879295712328712,12.5,15.0,10.0,5.1436121479357905e-52,53.4,65,45.0,0.017819419451980352,81.29,130,50.0,5.712478555427559e-33,37.33,50.0,25.0,3.261593204922855e-38,80.33,100.0,60.0,1.4536313179291912e-11,35.3,55.0,20.0,0.8974243932820889,1882.85,2900.0,1399.0,7.503550836895919e-114,1362.86,1700.0,1200.0,0.0,1200.12,1550.0,975.0,6.493908376359508e-133,883.89,1000.0,750.0,0.0,43.0,73.91,40.0,0.0,921.43,1350.0,400.0,0.5520973998074294,131.81,200.0,70.0,1.7213405771774646e-07,56.33,90.0,40.0,0.0023808140303871795,2.18,2.37,2.02,7.054520125906644e-257
"Sacramento, CA",158,2.14,3.0,1.25,5.65555567517873e-23,2.98,3.75,1.5,6.290920421858528e-39,0.96,1.28,0.66,1.1173713996249813e-49,1.77,2.5,1.0,2.2838214559275745e-12,1.22,3.0,0.6,0.46536943603539005,3.07,5.0,1.98,2.250856142996626e-18,4.27,8.0,2.5,0.06945201612849357,5.59,7.0,4.0,6.806564686536721e-12,3.62,4.0,3.0,2.743455291930942e-119,1.42,2.0,0.99,1.8379205763258935e-112,2.19,3.5,0.99,9.140396809953536e-11,0.68,0.79,0.59,0.8533859933099445,1.76,2.5,1.25,3.8121081721535853e-35,12.0,15.0,10.0,5.363670319144938e-53,50.0,60,35.0,1.4334453309627853e-11,85.0,150,65.0,1.4914512640697584e-11,39.27,49.99,30.0,7.224823254012778e-17,67.5,80.0,50.0,1.5970807459562974e-23,38.8,60.0,25.0,5.917926485243568e-05,1756.15,2300.0,1300.0,6.6704683174206e-205,1388.64,1900.0,1000.0,1.0145976684880503e-61,1099.83,1359.0,800.0,5.60757893625359e-149,921.83,1250.0,650.0,5.810005500380128e-27,60.0,60.0,50.0,0.0,900.0,1100.0,700.0,0.001572584391025443,130.88,200.0,80.0,5.136763028297383e-06,72.5,100.0,50.0,2.7075101073394463e-25,2.95,3.25,2.69,0.0
"Salt Lake City, UT",156,1.29,1.75,0.85,6.25142511920626e-174,2.27,3.0,1.5,2.7183022685390222e-05,0.7,1.5,0.4,6.309645548530771e-90,1.29,2.59,0.99,2.8562288650866257e-17,0.81,1.0,0.65,0.0,1.73,2.99,1.0,5.320248840445552e-93,3.25,5.0,2.19,2.644700919888707e-48,5.21,9.85,3.49,0.8172754853727515,2.49,3.0,2.0,2.636147990746277e-244,1.47,2.0,1.0,5.036450746189078e-90,1.18,1.99,1.0,5.659559623624718e-263,0.62,0.8,0.5,4.768596682610374e-24,1.52,2.0,1.0,9.584408104642045e-165,15.0,20.0,12.0,5.082883360588906e-11,50.0,70,40.0,5.156558594783012e-13,85.36,120,70.0,9.70026020574026e-47,43.61,60.0,30.0,0.8874351342984804,68.0,85.0,50.0,9.334525997780964e-25,33.47,50.0,20.0,0.003477510333099834,2136.67,3000.0,1550.0,1.6814028685027922e-43,1665.38,2000.0,1300.0,8.265867328211859e-14,1255.88,2000.0,900.0,9.732030740653542e-23,1050.0,1300.0,800.0,0.00024864652695795973,110.0,110.0,98.0,0.0,755.0,1000.0,450.0,4.675384373057849e-59,156.33,200.0,90.0,1.503223584075551e-07,58.53,100.0,40.0,0.5503865277249625,2.47,2.69,2.3,0.043738734684710553
"San Antonio, TX",176,1.1,1.5,0.75,0.0,1.92,2.78,1.0,1.0567201896747973e-45,0.95,1.0,0.88,0.0,1.26,2.0,1.0,2.570395880330123e-57,0.93,1.0,0.78,0.0,2.28,3.25,1.5,9.78058651058717e-16,2.69,3.99,1.99,4.116656626672851e-294,4.0,5.49,2.5,1.7673787454465074e-97,3.13,3.8,2.5,0.25063172807304346,1.24,1.75,0.95,0.0,1.27,2.0,0.89,7.367635557113474e-179,0.54,0.89,0.48,3.907066148644649e-74,1.69,3.0,1.0,1.284969868199144e-23,12.0,15.0,9.25,1.0544512980921804e-64,50.0,56,35.0,1.1789055942551141e-24,85.87,120,50.0,8.740451894781718e-23,45.89,70.0,34.0,0.0010331437183393648,69.36,80.0,50.0,5.205920916707338e-22,32.71,55.0,20.0,0.00035218002493029454,1862.33,2400.0,1500.0,1.2449149642972973e-305,1363.33,1600.0,1100.0,0.0,1111.76,1356.0,850.0,5.780515405062255e-275,772.67,900.0,600.0,0.0,83.75,100.0,70.0,1.1011831263794422e-39,645.0,875.0,400.0,1.559198342562337e-200,127.33,175.0,85.0,2.486023865948912e-22,55.35,99.0,40.0,0.0009800038383465388,2.15,2.49,1.98,2.243914805928637e-267
"San Diego, CA",242,1.6,2.5,1.0,3.60266261169707e-16,2.75,4.0,2.0,3.249175560710763e-28,1.22,2.5,0.79,0.004924075589912029,1.55,2.0,0.99,0.5101427156994335,1.07,1.8,0.69,1.0796857192815001e-10,2.89,4.0,2.0,6.592491896740897e-27,4.05,6.0,2.0,0.7391168082345978,5.54,8.0,3.69,2.1141650380567115e-07,3.36,4.5,2.5,3.3791734884621776e-10,1.03,2.0,0.75,0.0,1.67,2.5,0.99,5.637934028869228e-16,0.77,1.0,0.6,7.663147075998521e-44,1.62,2.0,0.99,2.4299022593443905e-167,12.0,20.0,10.0,3.2643336195749137e-25,35.0,55,28.0,0.0,92.33,150,45.0,0.00022182156197022052,43.25,65.0,25.0,0.7147031468138763,73.07,100.0,60.0,0.005764326805838287,30.25,40.0,20.0,1.3126520614971246e-39,1882.35,2600.0,1250.0,2.249281990293871e-145,1377.33,1700.0,1200.0,0.0,965.54,1200.0,737.5,0.0,764.73,900.0,650.0,0.0,38.0,40.0,35.0,0.0,825.0,900.0,675.0,3.4077551758902537e-141,135.19,217.22,80.51,0.0001799924122825124,55.87,79.0,45.0,1.4103628320697066e-07,3.07,3.5,2.85,0.0
"San Francisco, CA",339,2.38,4.25,1.0,6.482181134053181e-40,3.68,5.0,2.41,7.212630660677972e-292,1.91,3.0,0.99,6.702676015571357e-174,2.33,3.8,1.0,4.8168644610319586e-91,1.95,3.0,1.0,1.5853529236356269e-174,3.91,5.0,3.0,0.0,5.7,9.0,3.99,1.1584799802742234e-126,7.79,16.0,5.0,2.3958834417967083e-68,4.3,6.0,3.5,4.655768282474873e-248,2.16,3.0,1.0,3.71084965089369e-26,2.93,4.15,1.5,5.365241818747534e-192,1.03,1.8,0.79,4.470668515363629e-143,2.81,4.0,1.49,3.1836906375007314e-105,15.0,20.0,12.0,4.323516333200797e-16,60.0,75,45.0,3.6788172341419913e-32,100.21,150,50.0,0.7213220571578762,45.19,60.0,30.0,0.0005556510723944657,76.5,100.0,60.0,0.035870546222262906,35.81,50.0,25.0,0.13761424260598099,3089.06,4000.0,2500.0,1.0877803254089525e-116,2472.19,3000.0,2000.0,0.0,1830.53,2100.0,1500.0,5.87341443010136e-305,1414.67,1603.67,1100.0,0.0,72.0,80.0,50.0,1.83102641213813e-15,981.54,1250.0,500.0,4.341354870340903e-05,113.52,194.29,60.0,1.0120398778728462e-47,62.3,85.0,40.0,2.3611349675691988e-05,3.31,3.75,3.0,0.0
"Saint Louis, MO",166,1.65,3.0,0.63,0.0014448988617650602,1.88,2.5,1.25,2.007923576956106e-100,0.6,0.89,0.47,0.0,1.74,2.59,1.29,1.173560727441716e-12,1.28,2.0,0.78,6.15943599211245e-05,2.58,3.0,1.5,0.22648704665918762,3.27,6.99,1.99,1.4526896558776752e-16,4.51,6.99,2.0,4.335889728401584e-12,3.33,4.0,2.29,2.2253647074240594e-07,1.93,2.5,1.17,0.02639987305179209,2.39,3.29,1.69,8.48187711711653e-64,0.67,0.8,0.49,0.0743146664049202,1.98,2.39,1.49,5.388602637089456e-07,15.0,20.0,12.0,6.496320033837255e-22,75.0,100,55.0,2.2650493307433205e-251,141.26,200,99.0,2.4310619733669077e-202,54.36,80.0,39.0,2.3147035711274943e-84,85.67,120.0,60.0,3.873593445356424e-38,43.89,70.0,30.0,1.9037285126843242e-57,6083.33,8000.0,4800.0,0.0,4335.71,6000.0,3400.0,0.0,3296.46,3750.0,2500.0,0.0,2623.32,3200.0,2000.0,0.0,79.0,91.0,73.0,2.228201977682735e-38,1993.21,2500.0,1600.0,0.0,118.01,200.0,60.0,3.124423137699667e-45,58.49,80.0,40.0,0.16582242153219795,3.12,3.5,2.89,3.184832922925261e-235
"San Jose, CA",62,1.88,3.5,1.0,0.29277193367840926,2.94,4.0,2.0,1.0595286812090828e-17,1.43,3.0,1.0,6.067976611923323e-06,1.64,2.0,1.0,0.012491588718781851,1.37,2.0,0.75,3.1998184551554136e-06,3.62,6.0,2.65,5.0480926702870376e-24,4.5,7.0,2.99,0.0007617700984857416,6.56,9.0,5.0,1.7581720116639138e-27,3.96,5.0,2.99,3.2960286541248617e-36,1.52,3.0,1.0,2.786545650429984e-08,2.0,3.0,1.19,0.020161791529814174,0.81,1.0,0.61,1.639955617886893e-25,2.0,3.99,1.2,0.4458889642481618,15.0,20.0,14.0,4.106780166122282e-08,60.0,80,40.0,7.415159493243309e-06,87.0,130,62.0,4.826040775688509e-09,50.0,80.0,34.0,9.291444506441783e-06,67.5,80.0,60.0,1.963921999619826e-33,37.69,70.0,20.0,0.11875808154264579,3807.14,5000.0,3200.0,1.1104603824430716e-109,3390.67,4000.0,2800.0,0.0,2373.86,2625.2,1695.0,2.0157957266550254e-205,2160.02,2350.0,1900.0,0.0,70.0,80.0,60.0,4.0282273849526045e-20,1421.88,1800.0,1080.0,9.05684106951656e-102,118.8,150.0,80.0,1.052191388073496e-31,63.0,80.0,50.0,7.988877032887201e-05,2.22,2.39,2.05,0.0
"Oakland, CA",40,1.91,2.5,1.3,0.016713733211562016,2.97,3.5,2.0,3.6251827555973427e-22,0.94,1.5,0.59,1.742353176312458e-08,1.52,2.0,1.0,0.30329665128771277,1.1,1.5,0.75,0.004075067653266182,3.17,3.99,2.49,5.395424907810904e-26,4.41,7.0,2.99,0.032670735291013796,10.0,12.0,4.99,9.377106626620198e-68,4.1,7.0,2.99,2.8161900555056343e-09,1.45,1.99,1.0,3.382344079093279e-27,1.97,2.0,1.89,2.830357246590848e-125,0.88,0.99,0.79,3.509527450017112e-140,1.44,1.99,1.29,7.227147568606607e-114,12.5,20.0,10.0,6.483917151727502e-14,50.0,75,40.0,2.234633243883194e-10,111.33,200,75.0,1.4283040274658434e-06,42.29,55.0,29.99,0.01089665665226855,72.67,100.0,59.99,0.001394059621958381,32.62,40.0,20.0,2.341883261090653e-11,1290.71,2300.0,850.0,0.0,1272.67,1750.0,1000.0,2.8686841315965303e-255,904.67,1249.2,600.0,0.0,765.36,925.0,590.0,0.0,78.0,79.0,60.0,4.220602848442717e-09,846.43,1250.0,500.0,3.6813181694079064e-09,155.7,250.0,85.0,0.0006932949504952945,56.73,80.0,39.0,0.0015866584127039514,2.44,2.66,2.23,1.1151542606212455e-06
"Syracuse, NY",131,1.09,1.99,0.91,4.560148916513996e-197,1.82,2.0,1.15,2.6517892164261946e-211,0.95,3.0,0.77,7.600288017405602e-05,1.74,2.0,1.44,1.1757030116455413e-48,1.15,2.0,0.75,0.19791963578996674,2.23,3.5,1.5,5.759634886233282e-13,4.06,7.99,2.29,0.926996196723379,4.16,5.0,3.79,0.0,2.44,2.99,1.98,1.9246799202911826e-232,1.7,2.59,1.0,6.601989050171093e-07,1.35,1.69,1.0,2.2597941719947993e-257,0.54,0.67,0.49,1.3087291486967027e-280,1.63,2.0,1.22,1.928261019433486e-145,15.0,20.0,12.0,2.3713546625676006e-23,62.5,80,50.0,3.591934857464951e-96,116.15,199,80.0,3.873716730693484e-26,48.53,60.0,39.0,1.0418804811171477e-73,77.06,100.0,60.0,0.00027589837930055847,35.81,50.0,20.0,0.12968366090244957,3545.1,5000.0,2900.0,6.958384784257173e-294,2421.94,3000.0,1900.0,0.0,2012.86,2500.0,1600.0,0.0,1483.63,1900.0,1100.0,0.0,99.0,107.0,75.0,0.0,1362.96,2000.0,1000.0,2.70776573930371e-236,159.69,250.0,80.0,2.7861137210608525e-11,64.94,90.0,45.0,4.971992409482722e-22,3.02,3.3,2.7,0.0
"Seattle, WA",363,1.84,4.0,0.99,0.27065146600329415,3.19,4.59,2.5,2.539806471895743e-184,1.0,2.0,0.5,4.1243038043024014e-13,1.66,2.0,1.0,3.777803629290402e-14,1.18,1.86,0.75,0.7234947776915177,3.35,5.0,2.0,5.435672427300761e-93,5.3,7.0,2.75,1.4565374312016836e-107,7.37,12.45,4.0,8.642422868265354e-87,3.74,5.56,2.58,4.422239340178224e-50,1.97,2.99,1.0,0.00019437980664353593,2.17,2.99,1.5,2.3808733748709605e-54,0.76,1.0,0.67,7.4876612799556435e-75,2.4,4.54,1.5,7.75901206795806e-17,15.0,20.0,10.0,1.8629463906673205e-08,60.0,70,45.0,1.6556006720508257e-34,84.33,120,69.99,5.905546204899308e-61,42.5,55.0,35.0,0.005789880108182754,71.47,90.0,50.0,7.329728460827346e-07,37.32,65.0,30.0,0.0011999740421969063,2216.67,2705.0,1700.0,2.361103394070446e-65,1535.71,1800.0,1400.0,7.997185723352997e-217,1297.91,1678.0,800.0,3.5048524509068654e-26,950.95,1100.0,700.0,3.129635812087557e-74,65.0,65.0,45.0,8.076919827555769e-187,853.33,1300.0,650.0,6.367775801382528e-11,130.39,204.51,80.0,4.2330817564112205e-10,61.29,90.0,45.0,0.014349422297627189,2.32,2.69,2.15,2.7563749950696636e-61
"Tampa, FL",181,1.62,2.5,1.0,2.4214741842194884e-10,2.32,3.09,1.5,0.010126466897912906,0.96,1.25,0.69,5.039750714853548e-69,1.92,2.5,1.5,2.6703832397257304e-83,1.29,1.99,0.99,1.678030861243935e-08,3.12,4.0,2.0,4.95270140142264e-54,4.71,6.0,2.5,9.352040134770649e-23,6.0,8.0,5.0,6.564207325654205e-49,3.68,4.29,2.79,3.2579080203024974e-78,2.08,3.0,1.0,2.4352553589543507e-08,2.37,3.0,1.59,2.650297923848686e-82,0.72,1.0,0.59,2.553827596561381e-07,2.29,3.98,1.0,5.8801022655368455e-05,11.5,15.0,10.0,1.9934177335749415e-93,45.0,60,35.0,1.602313031943597e-54,101.71,129,70.0,0.1422493978735344,42.29,57.0,24.99,0.10697823076458139,79.06,99.0,65.0,1.5772816723959728e-06,37.91,50.0,27.0,9.776913065717667e-07,1581.82,2400.0,1100.0,4.0112762572239754e-206,1062.5,1200.0,900.0,0.0,796.33,1200.0,575.0,0.0,638.87,750.0,500.0,0.0,45.0,45.0,40.0,0.0,850.0,1300.0,400.0,0.00013506540073776003,167.4,338.0,100.0,7.537548871256104e-05,71.55,100.0,50.0,8.725931911392916e-25,2.14,2.39,2.0,5.055835148524508e-300
"Tulsa, OK",109,1.67,2.25,1.0,2.3789240983063035e-05,2.11,2.89,1.5,8.554196876981955e-18,0.5,2.5,0.45,3.6025930876170744e-39,1.32,1.75,1.0,5.883679546166883e-41,1.16,1.44,0.33,0.3439836988950231,2.41,3.75,1.9,0.0023432583851211203,4.53,7.0,2.09,9.60000066578196e-05,4.04,5.0,2.48,1.1041952209643483e-79,3.64,4.78,2.75,3.663522437579789e-23,1.46,2.45,0.99,3.6895856504071984e-32,2.09,2.75,1.25,4.881723721701762e-10,0.68,0.99,0.55,0.9443773632415212,1.43,2.0,0.99,3.91728391026682e-153,15.0,20.0,12.0,1.0488129539398033e-14,65.0,85,50.0,4.41111688056577e-73,111.35,180,75.0,4.0176391918956186e-11,52.0,70.0,40.0,9.153610181181292e-63,78.44,100.0,60.0,1.132342023326006e-06,39.27,50.0,25.0,7.619537014455832e-22,3808.82,6000.0,3000.0,2.6968581778665126e-139,2786.67,3500.0,2000.0,0.0,2146.83,2500.0,1600.0,0.0,1698.55,2000.0,1300.0,0.0,200.0,240.0,120.0,0.0,1631.25,2500.0,1200.0,2.656671108578394e-222,117.7,175.0,56.67,5.5208672120164175e-42,66.63,90.0,45.0,2.5369463452065116e-22,2.6,2.9,2.45,4.676678434918477e-51
"Washington, DC",219,2.25,3.0,1.0,4.4584126347081974e-41,2.88,4.0,2.0,1.5102743044904034e-46,1.52,3.0,0.99,1.1121115147361787e-28,2.14,2.99,1.0,1.5234040972784203e-66,1.41,2.0,0.99,1.1754276024365832e-39,3.21,4.0,2.0,2.7228430675073304e-86,5.1,7.99,2.99,4.100352395070596e-34,5.25,7.0,3.5,0.24040820050860556,3.66,4.5,2.69,1.54857891390307e-60,2.27,3.0,1.0,6.350517728293442e-32,2.07,3.0,1.49,1.485239466358898e-15,0.74,1.29,0.49,1.1587790260030267e-05,2.55,3.5,1.0,3.17443371575622e-30,12.0,20.0,10.0,3.5599095753876154e-19,45.0,60,35.0,3.698661682707476e-65,87.22,60,100.0,7.757936504669825e-46,38.91,49.99,30.0,4.072571166520042e-26,76.5,89.99,60.0,0.03947528842225173,29.86,42.0,20.0,7.955840780426904e-29,1714.29,2400.0,1200.0,1.7645923631352502e-215,1106.25,1250.0,1000.0,0.0,927.27,1200.0,700.0,0.0,697.0,800.0,600.0,0.0,75.0,75.0,75.0,0.0,475.0,650.0,300.0,0.0,141.99,300.0,82.34,0.5489478128104275,47.08,60.0,35.0,6.716505602140966e-110,2.32,2.1,2.55,8.146354420526947e-81
"Naples, FL",167,1.5,,,,2.3,3.0,1.89,7.839262425632685e-06,1.0,1.0,1.0,0.0,2.0,,,,1.1,1.0,1.2,2.3940522855773228e-107,3.0,1.79,4.0,1.799373505198957e-26,4.33,2.5,7.5,0.007508646844336723,7.0,,,,3.7,3.5,3.79,0.0,1.5,,,,1.15,1.29,1.0,0.0,0.69,0.6,0.79,0.01171516826574427,2.53,3.59,1.0,2.7037849319418048e-20,15.0,17.5,13.0,1.0548990746588717e-24,55.0,63,40.0,0.18413680076357353,99.17,85,120.0,0.5557131627008934,41.67,50.0,39.5,5.825647259912525e-15,79.0,85.0,60.0,1.0318108748938394e-11,31.66,50.0,28.0,9.589191555196638e-13,1570.0,1850.0,1200.0,0.0,1485.0,1540.0,1400.0,0.0,866.67,800.0,1400.0,0.0,833.33,1050.0,600.0,2.591891440083814e-136,45.0,45.0,45.0,0.0,673.33,1320.0,200.0,1.7120302410679088e-24,152.04,250.0,90.0,0.04677534259985771,66.1,80.0,49.95,6.626984747764591e-24,,,,
